B_001,BladeRunner,./images/BladeRunner/B_001
B_002,BladeRunner,./images/BladeRunner/B_002
B_003,BladeRunner,./images/BladeRunner/B_003
B_004,BladeRunner,./images/BladeRunner/B_004
B_005,BladeRunner,./images/BladeRunner/B_005
B_006,BladeRunner,./images/BladeRunner/B_006
B_007,BladeRunner,./images/BladeRunner/B_007
B_008,BladeRunner,./images/BladeRunner/B_008
B_009,BladeRunner,./images/BladeRunner/B_009
B_010,BladeRunner,./images/BladeRunner/B_010
B_011,BladeRunner,./images/BladeRunner/B_011
B_012,BladeRunner,./images/BladeRunner/B_012
B_013,BladeRunner,./images/BladeRunner/B_013
B_014,BladeRunner,./images/BladeRunner/B_014
B_015,BladeRunner,./images/BladeRunner/B_015
B_016,BladeRunner,./images/BladeRunner/B_016
B_017,BladeRunner,./images/BladeRunner/B_017
B_018,BladeRunner,./images/BladeRunner/B_018
B_019,BladeRunner,./images/BladeRunner/B_019
B_020,BladeRunner,./images/BladeRunner/B_020
B_021,BladeRunner,./images/BladeRunner/B_021
B_022,BladeRunner,./images/BladeRunner/B_022
B_023,BladeRunner,./images/BladeRunner/B_023
B_024,BladeRunner,./images/BladeRunner/B_024
B_025,BladeRunner,./images/BladeRunner/B_025
B_026,BladeRunner,./images/BladeRunner/B_026
B_027,BladeRunner,./images/BladeRunner/B_027
B_028,BladeRunner,./images/BladeRunner/B_028
B_029,BladeRunner,./images/BladeRunner/B_029
B_030,BladeRunner,./images/BladeRunner/B_030
B_031,BladeRunner,./images/BladeRunner/B_031
B_032,BladeRunner,./images/BladeRunner/B_032
B_033,BladeRunner,./images/BladeRunner/B_033
B_034,BladeRunner,./images/BladeRunner/B_034
B_035,BladeRunner,./images/BladeRunner/B_035
B_036,BladeRunner,./images/BladeRunner/B_036
B_037,BladeRunner,./images/BladeRunner/B_037
B_038,BladeRunner,./images/BladeRunner/B_038
B_039,BladeRunner,./images/BladeRunner/B_039
B_040,BladeRunner,./images/BladeRunner/B_040
B_041,BladeRunner,./images/BladeRunner/B_041
B_042,BladeRunner,./images/BladeRunner/B_042
B_043,BladeRunner,./images/BladeRunner/B_043
B_044,BladeRunner,./images/BladeRunner/B_044
B_045,BladeRunner,./images/BladeRunner/B_045
B_046,BladeRunner,./images/BladeRunner/B_046
B_047,BladeRunner,./images/BladeRunner/B_047
B_048,BladeRunner,./images/BladeRunner/B_048
B_049,BladeRunner,./images/BladeRunner/B_049
B_050,BladeRunner,./images/BladeRunner/B_050
B_051,BladeRunner,./images/BladeRunner/B_051
B_052,BladeRunner,./images/BladeRunner/B_052
B_053,BladeRunner,./images/BladeRunner/B_053
B_054,BladeRunner,./images/BladeRunner/B_054
B_055,BladeRunner,./images/BladeRunner/B_055
B_056,BladeRunner,./images/BladeRunner/B_056
B_057,BladeRunner,./images/BladeRunner/B_057
B_058,BladeRunner,./images/BladeRunner/B_058
B_059,BladeRunner,./images/BladeRunner/B_059
B_060,BladeRunner,./images/BladeRunner/B_060
B_061,BladeRunner,./images/BladeRunner/B_061
B_062,BladeRunner,./images/BladeRunner/B_062
B_063,BladeRunner,./images/BladeRunner/B_063
B_064,BladeRunner,./images/BladeRunner/B_064
B_065,BladeRunner,./images/BladeRunner/B_065
B_066,BladeRunner,./images/BladeRunner/B_066
B_067,BladeRunner,./images/BladeRunner/B_067
B_068,BladeRunner,./images/BladeRunner/B_068
B_069,BladeRunner,./images/BladeRunner/B_069
B_070,BladeRunner,./images/BladeRunner/B_070
B_071,BladeRunner,./images/BladeRunner/B_071
B_072,BladeRunner,./images/BladeRunner/B_072
B_073,BladeRunner,./images/BladeRunner/B_073
B_074,BladeRunner,./images/BladeRunner/B_074
B_075,BladeRunner,./images/BladeRunner/B_075
B_076,BladeRunner,./images/BladeRunner/B_076
B_077,BladeRunner,./images/BladeRunner/B_077
B_078,BladeRunner,./images/BladeRunner/B_078
B_079,BladeRunner,./images/BladeRunner/B_079
B_080,BladeRunner,./images/BladeRunner/B_080
B_081,BladeRunner,./images/BladeRunner/B_081
B_082,BladeRunner,./images/BladeRunner/B_082
B_083,BladeRunner,./images/BladeRunner/B_083
B_084,BladeRunner,./images/BladeRunner/B_084
B_085,BladeRunner,./images/BladeRunner/B_085
B_086,BladeRunner,./images/BladeRunner/B_086
B_087,BladeRunner,./images/BladeRunner/B_087
B_088,BladeRunner,./images/BladeRunner/B_088
B_089,BladeRunner,./images/BladeRunner/B_089
B_090,BladeRunner,./images/BladeRunner/B_090
B_091,BladeRunner,./images/BladeRunner/B_091
B_092,BladeRunner,./images/BladeRunner/B_092
B_093,BladeRunner,./images/BladeRunner/B_093
B_094,BladeRunner,./images/BladeRunner/B_094
B_095,BladeRunner,./images/BladeRunner/B_095
B_096,BladeRunner,./images/BladeRunner/B_096
B_097,BladeRunner,./images/BladeRunner/B_097
B_098,BladeRunner,./images/BladeRunner/B_098
B_099,BladeRunner,./images/BladeRunner/B_099
B_100,BladeRunner,./images/BladeRunner/B_100
G_001,GodOfWar,./images/GodOfWar/G_001
G_002,GodOfWar,./images/GodOfWar/G_002
G_003,GodOfWar,./images/GodOfWar/G_003
G_004,GodOfWar,./images/GodOfWar/G_004
G_005,GodOfWar,./images/GodOfWar/G_005
G_006,GodOfWar,./images/GodOfWar/G_006
G_007,GodOfWar,./images/GodOfWar/G_007
G_008,GodOfWar,./images/GodOfWar/G_008
G_009,GodOfWar,./images/GodOfWar/G_009
G_010,GodOfWar,./images/GodOfWar/G_010
G_011,GodOfWar,./images/GodOfWar/G_011
G_012,GodOfWar,./images/GodOfWar/G_012
G_013,GodOfWar,./images/GodOfWar/G_013
G_014,GodOfWar,./images/GodOfWar/G_014
G_015,GodOfWar,./images/GodOfWar/G_015
G_016,GodOfWar,./images/GodOfWar/G_016
G_017,GodOfWar,./images/GodOfWar/G_017
G_018,GodOfWar,./images/GodOfWar/G_018
G_019,GodOfWar,./images/GodOfWar/G_019
G_020,GodOfWar,./images/GodOfWar/G_020
G_021,GodOfWar,./images/GodOfWar/G_021
G_022,GodOfWar,./images/GodOfWar/G_022
G_023,GodOfWar,./images/GodOfWar/G_023
G_024,GodOfWar,./images/GodOfWar/G_024
G_025,GodOfWar,./images/GodOfWar/G_025
G_026,GodOfWar,./images/GodOfWar/G_026
G_027,GodOfWar,./images/GodOfWar/G_027
G_028,GodOfWar,./images/GodOfWar/G_028
G_029,GodOfWar,./images/GodOfWar/G_029
G_030,GodOfWar,./images/GodOfWar/G_030
G_031,GodOfWar,./images/GodOfWar/G_031
G_032,GodOfWar,./images/GodOfWar/G_032
G_033,GodOfWar,./images/GodOfWar/G_033
G_034,GodOfWar,./images/GodOfWar/G_034
G_035,GodOfWar,./images/GodOfWar/G_035
G_036,GodOfWar,./images/GodOfWar/G_036
G_037,GodOfWar,./images/GodOfWar/G_037
G_038,GodOfWar,./images/GodOfWar/G_038
G_039,GodOfWar,./images/GodOfWar/G_039
G_040,GodOfWar,./images/GodOfWar/G_040
G_041,GodOfWar,./images/GodOfWar/G_041
G_042,GodOfWar,./images/GodOfWar/G_042
G_043,GodOfWar,./images/GodOfWar/G_043
G_044,GodOfWar,./images/GodOfWar/G_044
G_045,GodOfWar,./images/GodOfWar/G_045
G_046,GodOfWar,./images/GodOfWar/G_046
G_047,GodOfWar,./images/GodOfWar/G_047
G_048,GodOfWar,./images/GodOfWar/G_048
G_049,GodOfWar,./images/GodOfWar/G_049
G_050,GodOfWar,./images/GodOfWar/G_050
G_051,GodOfWar,./images/GodOfWar/G_051
G_052,GodOfWar,./images/GodOfWar/G_052
G_053,GodOfWar,./images/GodOfWar/G_053
G_054,GodOfWar,./images/GodOfWar/G_054
G_055,GodOfWar,./images/GodOfWar/G_055
G_056,GodOfWar,./images/GodOfWar/G_056
G_057,GodOfWar,./images/GodOfWar/G_057
G_058,GodOfWar,./images/GodOfWar/G_058
G_059,GodOfWar,./images/GodOfWar/G_059
G_060,GodOfWar,./images/GodOfWar/G_060
G_061,GodOfWar,./images/GodOfWar/G_061
G_062,GodOfWar,./images/GodOfWar/G_062
G_063,GodOfWar,./images/GodOfWar/G_063
G_064,GodOfWar,./images/GodOfWar/G_064
G_065,GodOfWar,./images/GodOfWar/G_065
G_066,GodOfWar,./images/GodOfWar/G_066
G_067,GodOfWar,./images/GodOfWar/G_067
G_068,GodOfWar,./images/GodOfWar/G_068
G_069,GodOfWar,./images/GodOfWar/G_069
G_070,GodOfWar,./images/GodOfWar/G_070
G_071,GodOfWar,./images/GodOfWar/G_071
G_072,GodOfWar,./images/GodOfWar/G_072
G_073,GodOfWar,./images/GodOfWar/G_073
G_074,GodOfWar,./images/GodOfWar/G_074
G_075,GodOfWar,./images/GodOfWar/G_075
G_076,GodOfWar,./images/GodOfWar/G_076
G_077,GodOfWar,./images/GodOfWar/G_077
G_078,GodOfWar,./images/GodOfWar/G_078
G_079,GodOfWar,./images/GodOfWar/G_079
G_080,GodOfWar,./images/GodOfWar/G_080
G_081,GodOfWar,./images/GodOfWar/G_081
G_082,GodOfWar,./images/GodOfWar/G_082
G_083,GodOfWar,./images/GodOfWar/G_083
G_084,GodOfWar,./images/GodOfWar/G_084
G_085,GodOfWar,./images/GodOfWar/G_085
G_086,GodOfWar,./images/GodOfWar/G_086
G_087,GodOfWar,./images/GodOfWar/G_087
G_088,GodOfWar,./images/GodOfWar/G_088
G_089,GodOfWar,./images/GodOfWar/G_089
G_090,GodOfWar,./images/GodOfWar/G_090
G_091,GodOfWar,./images/GodOfWar/G_091
G_092,GodOfWar,./images/GodOfWar/G_092
G_093,GodOfWar,./images/GodOfWar/G_093
G_094,GodOfWar,./images/GodOfWar/G_094
G_095,GodOfWar,./images/GodOfWar/G_095
G_096,GodOfWar,./images/GodOfWar/G_096
G_097,GodOfWar,./images/GodOfWar/G_097
G_098,GodOfWar,./images/GodOfWar/G_098
G_099,GodOfWar,./images/GodOfWar/G_099
G_100,GodOfWar,./images/GodOfWar/G_100
H_001,Horikoshi,./images/Horikoshi/H_001
H_002,Horikoshi,./images/Horikoshi/H_002
H_003,Horikoshi,./images/Horikoshi/H_003
H_004,Horikoshi,./images/Horikoshi/H_004
H_005,Horikoshi,./images/Horikoshi/H_005
H_006,Horikoshi,./images/Horikoshi/H_006
H_007,Horikoshi,./images/Horikoshi/H_007
H_008,Horikoshi,./images/Horikoshi/H_008
H_009,Horikoshi,./images/Horikoshi/H_009
H_010,Horikoshi,./images/Horikoshi/H_010
H_011,Horikoshi,./images/Horikoshi/H_011
H_012,Horikoshi,./images/Horikoshi/H_012
H_013,Horikoshi,./images/Horikoshi/H_013
H_014,Horikoshi,./images/Horikoshi/H_014
H_015,Horikoshi,./images/Horikoshi/H_015
H_016,Horikoshi,./images/Horikoshi/H_016
H_017,Horikoshi,./images/Horikoshi/H_017
H_018,Horikoshi,./images/Horikoshi/H_018
H_019,Horikoshi,./images/Horikoshi/H_019
H_020,Horikoshi,./images/Horikoshi/H_020
H_021,Horikoshi,./images/Horikoshi/H_021
H_022,Horikoshi,./images/Horikoshi/H_022
H_023,Horikoshi,./images/Horikoshi/H_023
H_024,Horikoshi,./images/Horikoshi/H_024
H_025,Horikoshi,./images/Horikoshi/H_025
H_026,Horikoshi,./images/Horikoshi/H_026
H_027,Horikoshi,./images/Horikoshi/H_027
H_028,Horikoshi,./images/Horikoshi/H_028
H_029,Horikoshi,./images/Horikoshi/H_029
H_030,Horikoshi,./images/Horikoshi/H_030
H_031,Horikoshi,./images/Horikoshi/H_031
H_032,Horikoshi,./images/Horikoshi/H_032
H_033,Horikoshi,./images/Horikoshi/H_033
H_034,Horikoshi,./images/Horikoshi/H_034
H_035,Horikoshi,./images/Horikoshi/H_035
H_036,Horikoshi,./images/Horikoshi/H_036
H_037,Horikoshi,./images/Horikoshi/H_037
H_038,Horikoshi,./images/Horikoshi/H_038
H_039,Horikoshi,./images/Horikoshi/H_039
H_040,Horikoshi,./images/Horikoshi/H_040
H_041,Horikoshi,./images/Horikoshi/H_041
H_042,Horikoshi,./images/Horikoshi/H_042
H_043,Horikoshi,./images/Horikoshi/H_043
H_044,Horikoshi,./images/Horikoshi/H_044
H_045,Horikoshi,./images/Horikoshi/H_045
H_046,Horikoshi,./images/Horikoshi/H_046
H_047,Horikoshi,./images/Horikoshi/H_047
H_048,Horikoshi,./images/Horikoshi/H_048
H_049,Horikoshi,./images/Horikoshi/H_049
H_050,Horikoshi,./images/Horikoshi/H_050
H_051,Horikoshi,./images/Horikoshi/H_051
H_052,Horikoshi,./images/Horikoshi/H_052
H_053,Horikoshi,./images/Horikoshi/H_053
H_054,Horikoshi,./images/Horikoshi/H_054
H_055,Horikoshi,./images/Horikoshi/H_055
H_056,Horikoshi,./images/Horikoshi/H_056
H_057,Horikoshi,./images/Horikoshi/H_057
H_058,Horikoshi,./images/Horikoshi/H_058
H_059,Horikoshi,./images/Horikoshi/H_059
H_060,Horikoshi,./images/Horikoshi/H_060
H_061,Horikoshi,./images/Horikoshi/H_061
H_062,Horikoshi,./images/Horikoshi/H_062
H_063,Horikoshi,./images/Horikoshi/H_063
H_064,Horikoshi,./images/Horikoshi/H_064
H_065,Horikoshi,./images/Horikoshi/H_065
H_066,Horikoshi,./images/Horikoshi/H_066
H_067,Horikoshi,./images/Horikoshi/H_067
H_068,Horikoshi,./images/Horikoshi/H_068
H_069,Horikoshi,./images/Horikoshi/H_069
H_070,Horikoshi,./images/Horikoshi/H_070
H_071,Horikoshi,./images/Horikoshi/H_071
H_072,Horikoshi,./images/Horikoshi/H_072
H_073,Horikoshi,./images/Horikoshi/H_073
H_074,Horikoshi,./images/Horikoshi/H_074
H_075,Horikoshi,./images/Horikoshi/H_075
H_076,Horikoshi,./images/Horikoshi/H_076
H_077,Horikoshi,./images/Horikoshi/H_077
H_078,Horikoshi,./images/Horikoshi/H_078
H_079,Horikoshi,./images/Horikoshi/H_079
H_080,Horikoshi,./images/Horikoshi/H_080
H_081,Horikoshi,./images/Horikoshi/H_081
H_082,Horikoshi,./images/Horikoshi/H_082
H_083,Horikoshi,./images/Horikoshi/H_083
H_084,Horikoshi,./images/Horikoshi/H_084
H_085,Horikoshi,./images/Horikoshi/H_085
H_086,Horikoshi,./images/Horikoshi/H_086
H_087,Horikoshi,./images/Horikoshi/H_087
H_088,Horikoshi,./images/Horikoshi/H_088
H_089,Horikoshi,./images/Horikoshi/H_089
H_090,Horikoshi,./images/Horikoshi/H_090
H_091,Horikoshi,./images/Horikoshi/H_091
H_092,Horikoshi,./images/Horikoshi/H_092
H_093,Horikoshi,./images/Horikoshi/H_093
H_094,Horikoshi,./images/Horikoshi/H_094
H_095,Horikoshi,./images/Horikoshi/H_095
H_096,Horikoshi,./images/Horikoshi/H_096
H_097,Horikoshi,./images/Horikoshi/H_097
H_098,Horikoshi,./images/Horikoshi/H_098
H_099,Horikoshi,./images/Horikoshi/H_099
H_100,Horikoshi,./images/Horikoshi/H_100
M_001,Magritte,./images/Magritte/M_001
M_002,Magritte,./images/Magritte/M_002
M_003,Magritte,./images/Magritte/M_003
M_004,Magritte,./images/Magritte/M_004
M_005,Magritte,./images/Magritte/M_005
M_006,Magritte,./images/Magritte/M_006
M_007,Magritte,./images/Magritte/M_007
M_008,Magritte,./images/Magritte/M_008
M_009,Magritte,./images/Magritte/M_009
M_010,Magritte,./images/Magritte/M_010
M_011,Magritte,./images/Magritte/M_011
M_012,Magritte,./images/Magritte/M_012
M_013,Magritte,./images/Magritte/M_013
M_014,Magritte,./images/Magritte/M_014
M_015,Magritte,./images/Magritte/M_015
M_016,Magritte,./images/Magritte/M_016
M_017,Magritte,./images/Magritte/M_017
M_018,Magritte,./images/Magritte/M_018
M_019,Magritte,./images/Magritte/M_019
M_020,Magritte,./images/Magritte/M_020
M_021,Magritte,./images/Magritte/M_021
M_022,Magritte,./images/Magritte/M_022
M_023,Magritte,./images/Magritte/M_023
M_024,Magritte,./images/Magritte/M_024
M_025,Magritte,./images/Magritte/M_025
M_026,Magritte,./images/Magritte/M_026
M_027,Magritte,./images/Magritte/M_027
M_028,Magritte,./images/Magritte/M_028
M_029,Magritte,./images/Magritte/M_029
M_030,Magritte,./images/Magritte/M_030
M_031,Magritte,./images/Magritte/M_031
M_032,Magritte,./images/Magritte/M_032
M_033,Magritte,./images/Magritte/M_033
M_034,Magritte,./images/Magritte/M_034
M_035,Magritte,./images/Magritte/M_035
M_036,Magritte,./images/Magritte/M_036
M_037,Magritte,./images/Magritte/M_037
M_038,Magritte,./images/Magritte/M_038
M_039,Magritte,./images/Magritte/M_039
M_040,Magritte,./images/Magritte/M_040
M_041,Magritte,./images/Magritte/M_041
M_042,Magritte,./images/Magritte/M_042
M_043,Magritte,./images/Magritte/M_043
M_044,Magritte,./images/Magritte/M_044
M_045,Magritte,./images/Magritte/M_045
M_046,Magritte,./images/Magritte/M_046
M_047,Magritte,./images/Magritte/M_047
M_048,Magritte,./images/Magritte/M_048
M_049,Magritte,./images/Magritte/M_049
M_050,Magritte,./images/Magritte/M_050
M_051,Magritte,./images/Magritte/M_051
M_052,Magritte,./images/Magritte/M_052
M_053,Magritte,./images/Magritte/M_053
M_054,Magritte,./images/Magritte/M_054
M_055,Magritte,./images/Magritte/M_055
M_056,Magritte,./images/Magritte/M_056
M_057,Magritte,./images/Magritte/M_057
M_058,Magritte,./images/Magritte/M_058
M_059,Magritte,./images/Magritte/M_059
M_060,Magritte,./images/Magritte/M_060
M_061,Magritte,./images/Magritte/M_061
M_062,Magritte,./images/Magritte/M_062
M_063,Magritte,./images/Magritte/M_063
M_064,Magritte,./images/Magritte/M_064
M_065,Magritte,./images/Magritte/M_065
M_066,Magritte,./images/Magritte/M_066
M_067,Magritte,./images/Magritte/M_067
M_068,Magritte,./images/Magritte/M_068
M_069,Magritte,./images/Magritte/M_069
M_070,Magritte,./images/Magritte/M_070
M_071,Magritte,./images/Magritte/M_071
M_072,Magritte,./images/Magritte/M_072
M_073,Magritte,./images/Magritte/M_073
M_074,Magritte,./images/Magritte/M_074
M_075,Magritte,./images/Magritte/M_075
M_076,Magritte,./images/Magritte/M_076
M_077,Magritte,./images/Magritte/M_077
M_078,Magritte,./images/Magritte/M_078
M_079,Magritte,./images/Magritte/M_079
M_080,Magritte,./images/Magritte/M_080
M_081,Magritte,./images/Magritte/M_081
M_082,Magritte,./images/Magritte/M_082
M_083,Magritte,./images/Magritte/M_083
M_084,Magritte,./images/Magritte/M_084
M_085,Magritte,./images/Magritte/M_085
M_086,Magritte,./images/Magritte/M_086
M_087,Magritte,./images/Magritte/M_087
M_088,Magritte,./images/Magritte/M_088
M_089,Magritte,./images/Magritte/M_089
M_090,Magritte,./images/Magritte/M_090
M_091,Magritte,./images/Magritte/M_091
M_092,Magritte,./images/Magritte/M_092
M_093,Magritte,./images/Magritte/M_093
M_094,Magritte,./images/Magritte/M_094
M_095,Magritte,./images/Magritte/M_095
M_096,Magritte,./images/Magritte/M_096
M_097,Magritte,./images/Magritte/M_097
M_098,Magritte,./images/Magritte/M_098
M_099,Magritte,./images/Magritte/M_099
M_100,Magritte,./images/Magritte/M_100
O_001,Oceano,./images/Oceano/O_001
O_002,Oceano,./images/Oceano/O_002
O_003,Oceano,./images/Oceano/O_003
O_004,Oceano,./images/Oceano/O_004
O_005,Oceano,./images/Oceano/O_005
O_006,Oceano,./images/Oceano/O_006
O_007,Oceano,./images/Oceano/O_007
O_008,Oceano,./images/Oceano/O_008
O_009,Oceano,./images/Oceano/O_009
O_010,Oceano,./images/Oceano/O_010
O_011,Oceano,./images/Oceano/O_011
O_012,Oceano,./images/Oceano/O_012
O_013,Oceano,./images/Oceano/O_013
O_014,Oceano,./images/Oceano/O_014
O_015,Oceano,./images/Oceano/O_015
O_016,Oceano,./images/Oceano/O_016
O_017,Oceano,./images/Oceano/O_017
O_018,Oceano,./images/Oceano/O_018
O_019,Oceano,./images/Oceano/O_019
O_020,Oceano,./images/Oceano/O_020
O_021,Oceano,./images/Oceano/O_021
O_022,Oceano,./images/Oceano/O_022
O_023,Oceano,./images/Oceano/O_023
O_024,Oceano,./images/Oceano/O_024
O_025,Oceano,./images/Oceano/O_025
O_026,Oceano,./images/Oceano/O_026
O_027,Oceano,./images/Oceano/O_027
O_028,Oceano,./images/Oceano/O_028
O_029,Oceano,./images/Oceano/O_029
O_030,Oceano,./images/Oceano/O_030
O_031,Oceano,./images/Oceano/O_031
O_032,Oceano,./images/Oceano/O_032
O_033,Oceano,./images/Oceano/O_033
O_034,Oceano,./images/Oceano/O_034
O_035,Oceano,./images/Oceano/O_035
O_036,Oceano,./images/Oceano/O_036
O_037,Oceano,./images/Oceano/O_037
O_038,Oceano,./images/Oceano/O_038
O_039,Oceano,./images/Oceano/O_039
O_040,Oceano,./images/Oceano/O_040
O_041,Oceano,./images/Oceano/O_041
O_042,Oceano,./images/Oceano/O_042
O_043,Oceano,./images/Oceano/O_043
O_044,Oceano,./images/Oceano/O_044
O_045,Oceano,./images/Oceano/O_045
O_046,Oceano,./images/Oceano/O_046
O_047,Oceano,./images/Oceano/O_047
O_048,Oceano,./images/Oceano/O_048
O_049,Oceano,./images/Oceano/O_049
O_050,Oceano,./images/Oceano/O_050
O_051,Oceano,./images/Oceano/O_051
O_052,Oceano,./images/Oceano/O_052
O_053,Oceano,./images/Oceano/O_053
O_054,Oceano,./images/Oceano/O_054
O_055,Oceano,./images/Oceano/O_055
O_056,Oceano,./images/Oceano/O_056
O_057,Oceano,./images/Oceano/O_057
O_058,Oceano,./images/Oceano/O_058
O_059,Oceano,./images/Oceano/O_059
O_060,Oceano,./images/Oceano/O_060
O_061,Oceano,./images/Oceano/O_061
O_062,Oceano,./images/Oceano/O_062
O_063,Oceano,./images/Oceano/O_063
O_064,Oceano,./images/Oceano/O_064
O_065,Oceano,./images/Oceano/O_065
O_066,Oceano,./images/Oceano/O_066
O_067,Oceano,./images/Oceano/O_067
O_068,Oceano,./images/Oceano/O_068
O_069,Oceano,./images/Oceano/O_069
O_070,Oceano,./images/Oceano/O_070
O_071,Oceano,./images/Oceano/O_071
O_072,Oceano,./images/Oceano/O_072
O_073,Oceano,./images/Oceano/O_073
O_074,Oceano,./images/Oceano/O_074
O_075,Oceano,./images/Oceano/O_075
O_076,Oceano,./images/Oceano/O_076
O_077,Oceano,./images/Oceano/O_077
O_078,Oceano,./images/Oceano/O_078
O_079,Oceano,./images/Oceano/O_079
O_080,Oceano,./images/Oceano/O_080
O_081,Oceano,./images/Oceano/O_081
O_082,Oceano,./images/Oceano/O_082
O_083,Oceano,./images/Oceano/O_083
O_084,Oceano,./images/Oceano/O_084
O_085,Oceano,./images/Oceano/O_085
O_086,Oceano,./images/Oceano/O_086
O_087,Oceano,./images/Oceano/O_087
O_088,Oceano,./images/Oceano/O_088
O_089,Oceano,./images/Oceano/O_089
O_090,Oceano,./images/Oceano/O_090
O_091,Oceano,./images/Oceano/O_091
O_092,Oceano,./images/Oceano/O_092
O_093,Oceano,./images/Oceano/O_093
O_094,Oceano,./images/Oceano/O_094
O_095,Oceano,./images/Oceano/O_095
O_096,Oceano,./images/Oceano/O_096
O_097,Oceano,./images/Oceano/O_097
O_098,Oceano,./images/Oceano/O_098
O_099,Oceano,./images/Oceano/O_099
O_100,Oceano,./images/Oceano/O_100
P_001,Perros,./images/Perros/P_001
P_002,Perros,./images/Perros/P_002
P_003,Perros,./images/Perros/P_003
P_004,Perros,./images/Perros/P_004
P_005,Perros,./images/Perros/P_005
P_006,Perros,./images/Perros/P_006
P_007,Perros,./images/Perros/P_007
P_008,Perros,./images/Perros/P_008
P_009,Perros,./images/Perros/P_009
P_010,Perros,./images/Perros/P_010
P_011,Perros,./images/Perros/P_011
P_012,Perros,./images/Perros/P_012
P_013,Perros,./images/Perros/P_013
P_014,Perros,./images/Perros/P_014
P_015,Perros,./images/Perros/P_015
P_016,Perros,./images/Perros/P_016
P_017,Perros,./images/Perros/P_017
P_018,Perros,./images/Perros/P_018
P_019,Perros,./images/Perros/P_019
P_020,Perros,./images/Perros/P_020
P_021,Perros,./images/Perros/P_021
P_022,Perros,./images/Perros/P_022
P_023,Perros,./images/Perros/P_023
P_024,Perros,./images/Perros/P_024
P_025,Perros,./images/Perros/P_025
P_026,Perros,./images/Perros/P_026
P_027,Perros,./images/Perros/P_027
P_028,Perros,./images/Perros/P_028
P_029,Perros,./images/Perros/P_029
P_030,Perros,./images/Perros/P_030
P_031,Perros,./images/Perros/P_031
P_032,Perros,./images/Perros/P_032
P_033,Perros,./images/Perros/P_033
P_034,Perros,./images/Perros/P_034
P_035,Perros,./images/Perros/P_035
P_036,Perros,./images/Perros/P_036
P_037,Perros,./images/Perros/P_037
P_038,Perros,./images/Perros/P_038
P_039,Perros,./images/Perros/P_039
P_040,Perros,./images/Perros/P_040
P_041,Perros,./images/Perros/P_041
P_042,Perros,./images/Perros/P_042
P_043,Perros,./images/Perros/P_043
P_044,Perros,./images/Perros/P_044
P_045,Perros,./images/Perros/P_045
P_046,Perros,./images/Perros/P_046
P_047,Perros,./images/Perros/P_047
P_048,Perros,./images/Perros/P_048
P_049,Perros,./images/Perros/P_049
P_050,Perros,./images/Perros/P_050
P_051,Perros,./images/Perros/P_051
P_052,Perros,./images/Perros/P_052
P_053,Perros,./images/Perros/P_053
P_054,Perros,./images/Perros/P_054
P_055,Perros,./images/Perros/P_055
P_056,Perros,./images/Perros/P_056
P_057,Perros,./images/Perros/P_057
P_058,Perros,./images/Perros/P_058
P_059,Perros,./images/Perros/P_059
P_060,Perros,./images/Perros/P_060
P_061,Perros,./images/Perros/P_061
P_062,Perros,./images/Perros/P_062
P_063,Perros,./images/Perros/P_063
P_064,Perros,./images/Perros/P_064
P_065,Perros,./images/Perros/P_065
P_066,Perros,./images/Perros/P_066
P_067,Perros,./images/Perros/P_067
P_068,Perros,./images/Perros/P_068
P_069,Perros,./images/Perros/P_069
P_070,Perros,./images/Perros/P_070
P_071,Perros,./images/Perros/P_071
P_072,Perros,./images/Perros/P_072
P_073,Perros,./images/Perros/P_073
P_074,Perros,./images/Perros/P_074
P_075,Perros,./images/Perros/P_075
P_076,Perros,./images/Perros/P_076
P_077,Perros,./images/Perros/P_077
P_078,Perros,./images/Perros/P_078
P_079,Perros,./images/Perros/P_079
P_080,Perros,./images/Perros/P_080
P_081,Perros,./images/Perros/P_081
P_082,Perros,./images/Perros/P_082
P_083,Perros,./images/Perros/P_083
P_084,Perros,./images/Perros/P_084
P_085,Perros,./images/Perros/P_085
P_086,Perros,./images/Perros/P_086
P_087,Perros,./images/Perros/P_087
P_088,Perros,./images/Perros/P_088
P_089,Perros,./images/Perros/P_089
P_090,Perros,./images/Perros/P_090
P_091,Perros,./images/Perros/P_091
P_092,Perros,./images/Perros/P_092
P_093,Perros,./images/Perros/P_093
P_094,Perros,./images/Perros/P_094
P_095,Perros,./images/Perros/P_095
P_096,Perros,./images/Perros/P_096
P_097,Perros,./images/Perros/P_097
P_098,Perros,./images/Perros/P_098
P_099,Perros,./images/Perros/P_099
P_100,Perros,./images/Perros/P_100
R_001,Rembrandt,./images/Rembrandt/R_001
R_002,Rembrandt,./images/Rembrandt/R_002
R_003,Rembrandt,./images/Rembrandt/R_003
R_004,Rembrandt,./images/Rembrandt/R_004
R_005,Rembrandt,./images/Rembrandt/R_005
R_006,Rembrandt,./images/Rembrandt/R_006
R_007,Rembrandt,./images/Rembrandt/R_007
R_008,Rembrandt,./images/Rembrandt/R_008
R_009,Rembrandt,./images/Rembrandt/R_009
R_010,Rembrandt,./images/Rembrandt/R_010
R_011,Rembrandt,./images/Rembrandt/R_011
R_012,Rembrandt,./images/Rembrandt/R_012
R_013,Rembrandt,./images/Rembrandt/R_013
R_014,Rembrandt,./images/Rembrandt/R_014
R_015,Rembrandt,./images/Rembrandt/R_015
R_016,Rembrandt,./images/Rembrandt/R_016
R_017,Rembrandt,./images/Rembrandt/R_017
R_018,Rembrandt,./images/Rembrandt/R_018
R_019,Rembrandt,./images/Rembrandt/R_019
R_020,Rembrandt,./images/Rembrandt/R_020
R_021,Rembrandt,./images/Rembrandt/R_021
R_022,Rembrandt,./images/Rembrandt/R_022
R_023,Rembrandt,./images/Rembrandt/R_023
R_024,Rembrandt,./images/Rembrandt/R_024
R_025,Rembrandt,./images/Rembrandt/R_025
R_026,Rembrandt,./images/Rembrandt/R_026
R_027,Rembrandt,./images/Rembrandt/R_027
R_028,Rembrandt,./images/Rembrandt/R_028
R_029,Rembrandt,./images/Rembrandt/R_029
R_030,Rembrandt,./images/Rembrandt/R_030
R_031,Rembrandt,./images/Rembrandt/R_031
R_032,Rembrandt,./images/Rembrandt/R_032
R_033,Rembrandt,./images/Rembrandt/R_033
R_034,Rembrandt,./images/Rembrandt/R_034
R_035,Rembrandt,./images/Rembrandt/R_035
R_036,Rembrandt,./images/Rembrandt/R_036
R_037,Rembrandt,./images/Rembrandt/R_037
R_038,Rembrandt,./images/Rembrandt/R_038
R_039,Rembrandt,./images/Rembrandt/R_039
R_040,Rembrandt,./images/Rembrandt/R_040
R_041,Rembrandt,./images/Rembrandt/R_041
R_042,Rembrandt,./images/Rembrandt/R_042
R_043,Rembrandt,./images/Rembrandt/R_043
R_044,Rembrandt,./images/Rembrandt/R_044
R_045,Rembrandt,./images/Rembrandt/R_045
R_046,Rembrandt,./images/Rembrandt/R_046
R_047,Rembrandt,./images/Rembrandt/R_047
R_048,Rembrandt,./images/Rembrandt/R_048
R_049,Rembrandt,./images/Rembrandt/R_049
R_050,Rembrandt,./images/Rembrandt/R_050
R_051,Rembrandt,./images/Rembrandt/R_051
R_052,Rembrandt,./images/Rembrandt/R_052
R_053,Rembrandt,./images/Rembrandt/R_053
R_054,Rembrandt,./images/Rembrandt/R_054
R_055,Rembrandt,./images/Rembrandt/R_055
R_056,Rembrandt,./images/Rembrandt/R_056
R_057,Rembrandt,./images/Rembrandt/R_057
R_058,Rembrandt,./images/Rembrandt/R_058
R_059,Rembrandt,./images/Rembrandt/R_059
R_060,Rembrandt,./images/Rembrandt/R_060
R_061,Rembrandt,./images/Rembrandt/R_061
R_062,Rembrandt,./images/Rembrandt/R_062
R_063,Rembrandt,./images/Rembrandt/R_063
R_064,Rembrandt,./images/Rembrandt/R_064
R_065,Rembrandt,./images/Rembrandt/R_065
R_066,Rembrandt,./images/Rembrandt/R_066
R_067,Rembrandt,./images/Rembrandt/R_067
R_068,Rembrandt,./images/Rembrandt/R_068
R_069,Rembrandt,./images/Rembrandt/R_069
R_070,Rembrandt,./images/Rembrandt/R_070
R_071,Rembrandt,./images/Rembrandt/R_071
R_072,Rembrandt,./images/Rembrandt/R_072
R_073,Rembrandt,./images/Rembrandt/R_073
R_074,Rembrandt,./images/Rembrandt/R_074
R_075,Rembrandt,./images/Rembrandt/R_075
R_076,Rembrandt,./images/Rembrandt/R_076
R_077,Rembrandt,./images/Rembrandt/R_077
R_078,Rembrandt,./images/Rembrandt/R_078
R_079,Rembrandt,./images/Rembrandt/R_079
R_080,Rembrandt,./images/Rembrandt/R_080
R_081,Rembrandt,./images/Rembrandt/R_081
R_082,Rembrandt,./images/Rembrandt/R_082
R_083,Rembrandt,./images/Rembrandt/R_083
R_084,Rembrandt,./images/Rembrandt/R_084
R_085,Rembrandt,./images/Rembrandt/R_085
R_086,Rembrandt,./images/Rembrandt/R_086
R_087,Rembrandt,./images/Rembrandt/R_087
R_088,Rembrandt,./images/Rembrandt/R_088
R_089,Rembrandt,./images/Rembrandt/R_089
R_090,Rembrandt,./images/Rembrandt/R_090
R_091,Rembrandt,./images/Rembrandt/R_091
R_092,Rembrandt,./images/Rembrandt/R_092
R_093,Rembrandt,./images/Rembrandt/R_093
R_094,Rembrandt,./images/Rembrandt/R_094
R_095,Rembrandt,./images/Rembrandt/R_095
R_096,Rembrandt,./images/Rembrandt/R_096
R_097,Rembrandt,./images/Rembrandt/R_097
R_098,Rembrandt,./images/Rembrandt/R_098
R_099,Rembrandt,./images/Rembrandt/R_099
R_100,Rembrandt,./images/Rembrandt/R_100
S_001,StarWars,./images/StarWars/S_001
S_002,StarWars,./images/StarWars/S_002
S_003,StarWars,./images/StarWars/S_003
S_004,StarWars,./images/StarWars/S_004
S_005,StarWars,./images/StarWars/S_005
S_006,StarWars,./images/StarWars/S_006
S_007,StarWars,./images/StarWars/S_007
S_008,StarWars,./images/StarWars/S_008
S_009,StarWars,./images/StarWars/S_009
S_010,StarWars,./images/StarWars/S_010
S_011,StarWars,./images/StarWars/S_011
S_012,StarWars,./images/StarWars/S_012
S_013,StarWars,./images/StarWars/S_013
S_014,StarWars,./images/StarWars/S_014
S_015,StarWars,./images/StarWars/S_015
S_016,StarWars,./images/StarWars/S_016
S_017,StarWars,./images/StarWars/S_017
S_018,StarWars,./images/StarWars/S_018
S_019,StarWars,./images/StarWars/S_019
S_020,StarWars,./images/StarWars/S_020
S_021,StarWars,./images/StarWars/S_021
S_022,StarWars,./images/StarWars/S_022
S_023,StarWars,./images/StarWars/S_023
S_024,StarWars,./images/StarWars/S_024
S_025,StarWars,./images/StarWars/S_025
S_026,StarWars,./images/StarWars/S_026
S_027,StarWars,./images/StarWars/S_027
S_028,StarWars,./images/StarWars/S_028
S_029,StarWars,./images/StarWars/S_029
S_030,StarWars,./images/StarWars/S_030
S_031,StarWars,./images/StarWars/S_031
S_032,StarWars,./images/StarWars/S_032
S_033,StarWars,./images/StarWars/S_033
S_034,StarWars,./images/StarWars/S_034
S_035,StarWars,./images/StarWars/S_035
S_036,StarWars,./images/StarWars/S_036
S_037,StarWars,./images/StarWars/S_037
S_038,StarWars,./images/StarWars/S_038
S_039,StarWars,./images/StarWars/S_039
S_040,StarWars,./images/StarWars/S_040
S_041,StarWars,./images/StarWars/S_041
S_042,StarWars,./images/StarWars/S_042
S_043,StarWars,./images/StarWars/S_043
S_044,StarWars,./images/StarWars/S_044
S_045,StarWars,./images/StarWars/S_045
S_046,StarWars,./images/StarWars/S_046
S_047,StarWars,./images/StarWars/S_047
S_048,StarWars,./images/StarWars/S_048
S_049,StarWars,./images/StarWars/S_049
S_050,StarWars,./images/StarWars/S_050
S_051,StarWars,./images/StarWars/S_051
S_052,StarWars,./images/StarWars/S_052
S_053,StarWars,./images/StarWars/S_053
S_054,StarWars,./images/StarWars/S_054
S_055,StarWars,./images/StarWars/S_055
S_056,StarWars,./images/StarWars/S_056
S_057,StarWars,./images/StarWars/S_057
S_058,StarWars,./images/StarWars/S_058
S_059,StarWars,./images/StarWars/S_059
S_060,StarWars,./images/StarWars/S_060
S_061,StarWars,./images/StarWars/S_061
S_062,StarWars,./images/StarWars/S_062
S_063,StarWars,./images/StarWars/S_063
S_064,StarWars,./images/StarWars/S_064
S_065,StarWars,./images/StarWars/S_065
S_066,StarWars,./images/StarWars/S_066
S_067,StarWars,./images/StarWars/S_067
S_068,StarWars,./images/StarWars/S_068
S_069,StarWars,./images/StarWars/S_069
S_070,StarWars,./images/StarWars/S_070
S_071,StarWars,./images/StarWars/S_071
S_072,StarWars,./images/StarWars/S_072
S_073,StarWars,./images/StarWars/S_073
S_074,StarWars,./images/StarWars/S_074
S_075,StarWars,./images/StarWars/S_075
S_076,StarWars,./images/StarWars/S_076
S_077,StarWars,./images/StarWars/S_077
S_078,StarWars,./images/StarWars/S_078
S_079,StarWars,./images/StarWars/S_079
S_080,StarWars,./images/StarWars/S_080
S_081,StarWars,./images/StarWars/S_081
S_082,StarWars,./images/StarWars/S_082
S_083,StarWars,./images/StarWars/S_083
S_084,StarWars,./images/StarWars/S_084
S_085,StarWars,./images/StarWars/S_085
S_086,StarWars,./images/StarWars/S_086
S_087,StarWars,./images/StarWars/S_087
S_088,StarWars,./images/StarWars/S_088
S_089,StarWars,./images/StarWars/S_089
S_090,StarWars,./images/StarWars/S_090
S_091,StarWars,./images/StarWars/S_091
S_092,StarWars,./images/StarWars/S_092
S_093,StarWars,./images/StarWars/S_093
S_094,StarWars,./images/StarWars/S_094
S_095,StarWars,./images/StarWars/S_095
S_096,StarWars,./images/StarWars/S_096
S_097,StarWars,./images/StarWars/S_097
S_098,StarWars,./images/StarWars/S_098
S_099,StarWars,./images/StarWars/S_099
S_100,StarWars,./images/StarWars/S_100
U_001,Ultimate,./images/Ultimate/U_001
U_002,Ultimate,./images/Ultimate/U_002
U_003,Ultimate,./images/Ultimate/U_003
U_004,Ultimate,./images/Ultimate/U_004
U_005,Ultimate,./images/Ultimate/U_005
U_006,Ultimate,./images/Ultimate/U_006
U_007,Ultimate,./images/Ultimate/U_007
U_008,Ultimate,./images/Ultimate/U_008
U_009,Ultimate,./images/Ultimate/U_009
U_010,Ultimate,./images/Ultimate/U_010
U_011,Ultimate,./images/Ultimate/U_011
U_012,Ultimate,./images/Ultimate/U_012
U_013,Ultimate,./images/Ultimate/U_013
U_014,Ultimate,./images/Ultimate/U_014
U_015,Ultimate,./images/Ultimate/U_015
U_016,Ultimate,./images/Ultimate/U_016
U_017,Ultimate,./images/Ultimate/U_017
U_018,Ultimate,./images/Ultimate/U_018
U_019,Ultimate,./images/Ultimate/U_019
U_020,Ultimate,./images/Ultimate/U_020
U_021,Ultimate,./images/Ultimate/U_021
U_022,Ultimate,./images/Ultimate/U_022
U_023,Ultimate,./images/Ultimate/U_023
U_024,Ultimate,./images/Ultimate/U_024
U_025,Ultimate,./images/Ultimate/U_025
U_026,Ultimate,./images/Ultimate/U_026
U_027,Ultimate,./images/Ultimate/U_027
U_028,Ultimate,./images/Ultimate/U_028
U_029,Ultimate,./images/Ultimate/U_029
U_030,Ultimate,./images/Ultimate/U_030
U_031,Ultimate,./images/Ultimate/U_031
U_032,Ultimate,./images/Ultimate/U_032
U_033,Ultimate,./images/Ultimate/U_033
U_034,Ultimate,./images/Ultimate/U_034
U_035,Ultimate,./images/Ultimate/U_035
U_036,Ultimate,./images/Ultimate/U_036
U_037,Ultimate,./images/Ultimate/U_037
U_038,Ultimate,./images/Ultimate/U_038
U_039,Ultimate,./images/Ultimate/U_039
U_040,Ultimate,./images/Ultimate/U_040
U_041,Ultimate,./images/Ultimate/U_041
U_042,Ultimate,./images/Ultimate/U_042
U_043,Ultimate,./images/Ultimate/U_043
U_044,Ultimate,./images/Ultimate/U_044
U_045,Ultimate,./images/Ultimate/U_045
U_046,Ultimate,./images/Ultimate/U_046
U_047,Ultimate,./images/Ultimate/U_047
U_048,Ultimate,./images/Ultimate/U_048
U_049,Ultimate,./images/Ultimate/U_049
U_050,Ultimate,./images/Ultimate/U_050
U_051,Ultimate,./images/Ultimate/U_051
U_052,Ultimate,./images/Ultimate/U_052
U_053,Ultimate,./images/Ultimate/U_053
U_054,Ultimate,./images/Ultimate/U_054
U_055,Ultimate,./images/Ultimate/U_055
U_056,Ultimate,./images/Ultimate/U_056
U_057,Ultimate,./images/Ultimate/U_057
U_058,Ultimate,./images/Ultimate/U_058
U_059,Ultimate,./images/Ultimate/U_059
U_060,Ultimate,./images/Ultimate/U_060
U_061,Ultimate,./images/Ultimate/U_061
U_062,Ultimate,./images/Ultimate/U_062
U_063,Ultimate,./images/Ultimate/U_063
U_064,Ultimate,./images/Ultimate/U_064
U_065,Ultimate,./images/Ultimate/U_065
U_066,Ultimate,./images/Ultimate/U_066
U_067,Ultimate,./images/Ultimate/U_067
U_068,Ultimate,./images/Ultimate/U_068
U_069,Ultimate,./images/Ultimate/U_069
U_070,Ultimate,./images/Ultimate/U_070
U_071,Ultimate,./images/Ultimate/U_071
U_072,Ultimate,./images/Ultimate/U_072
U_073,Ultimate,./images/Ultimate/U_073
U_074,Ultimate,./images/Ultimate/U_074
U_075,Ultimate,./images/Ultimate/U_075
U_076,Ultimate,./images/Ultimate/U_076
U_077,Ultimate,./images/Ultimate/U_077
U_078,Ultimate,./images/Ultimate/U_078
U_079,Ultimate,./images/Ultimate/U_079
U_080,Ultimate,./images/Ultimate/U_080
U_081,Ultimate,./images/Ultimate/U_081
U_082,Ultimate,./images/Ultimate/U_082
U_083,Ultimate,./images/Ultimate/U_083
U_084,Ultimate,./images/Ultimate/U_084
U_085,Ultimate,./images/Ultimate/U_085
U_086,Ultimate,./images/Ultimate/U_086
U_087,Ultimate,./images/Ultimate/U_087
U_088,Ultimate,./images/Ultimate/U_088
U_089,Ultimate,./images/Ultimate/U_089
U_090,Ultimate,./images/Ultimate/U_090
U_091,Ultimate,./images/Ultimate/U_091
U_092,Ultimate,./images/Ultimate/U_092
U_093,Ultimate,./images/Ultimate/U_093
U_094,Ultimate,./images/Ultimate/U_094
U_095,Ultimate,./images/Ultimate/U_095
U_096,Ultimate,./images/Ultimate/U_096
U_097,Ultimate,./images/Ultimate/U_097
U_098,Ultimate,./images/Ultimate/U_098
U_099,Ultimate,./images/Ultimate/U_099
U_100,Ultimate,./images/Ultimate/U_100